1,2,3,4,5,6,7
4.566,0.581,4.609,0.565,2023-06-23 19:21:06,236BF233,
4.549,0.582,4.585,0.557,2023-06-23 19:21:06,236BF233,
4.552,0.577,4.630,0.577,2023-06-23 19:21:06,236BF233,
4.592,0.574,4.623,0.585,2023-06-23 19:21:07,236BF233,
4.576,0.576,4.658,0.599,2023-06-23 19:21:07,236BF233,
4.590,0.575,4.638,0.594,2023-06-23 19:21:07,236BF233,
4.573,0.570,4.622,0.583,2023-06-23 19:21:07,236BF233,
4.584,0.560,4.611,0.591,2023-06-23 19:21:07,236BF233,
4.579,0.570,4.638,0.596,2023-06-23 19:21:07,236BF233,
4.600,0.561,4.618,0.576,2023-06-23 19:21:07,236BF233,
4.598,0.582,4.611,0.615,2023-06-23 19:21:07,236BF233,
4.613,0.576,4.644,0.572,2023-06-23 19:21:07,43FF9122,
4.607,0.578,4.670,0.585,2023-06-23 19:21:07,43FF9122,
4.628,0.573,4.645,0.572,2023-06-23 19:21:07,43FF9122,
4.632,0.584,4.659,0.601,2023-06-23 19:21:07,43FF9122,
4.646,0.587,4.654,0.603,2023-06-23 19:21:07,43FF9122,
4.636,0.596,4.664,0.615,2023-06-23 19:21:07,43FF9123,
4.639,0.596,4.656,0.601,2023-06-23 19:21:07,43FF9123,
4.627,0.579,4.667,0.611,2023-06-23 19:21:07,43FF9123,
4.645,0.580,4.651,0.597,2023-06-23 19:21:08,,
4.626,0.583,4.665,0.616,2023-06-23 19:21:08,,
4.637,0.586,4.642,0.599,2023-06-23 19:21:08,,
4.635,0.587,4.656,0.616,2023-06-23 19:21:08,,
4.649,0.575,4.640,0.600,2023-06-23 19:21:08,,
4.642,0.579,4.652,0.610,2023-06-23 19:21:08,,
4.657,0.580,4.658,0.602,2023-06-23 19:21:08,,
4.634,0.579,4.650,0.614,2023-06-23 19:21:08,,
4.627,0.569,4.635,0.606,2023-06-23 19:21:08,,
4.598,0.575,4.634,0.601,2023-06-23 19:21:08,,
4.598,0.555,4.611,0.596,2023-06-23 19:21:08,,
4.590,0.569,4.628,0.602,2023-06-23 19:21:08,,
4.587,0.560,4.620,0.589,2023-06-23 19:21:08,,
4.591,0.574,4.627,0.601,2023-06-23 19:21:08,,
4.586,0.565,4.615,0.578,2023-06-23 19:21:08,,
4.583,0.576,4.634,0.590,2023-06-23 19:21:08,,
4.599,0.566,4.629,0.576,2023-06-23 19:21:09,,
4.587,0.567,4.647,0.584,2023-06-23 19:21:09,,
4.580,0.575,4.575,0.561,2023-06-23 19:21:34,,
4.559,0.564,4.563,0.600,2023-06-23 19:21:34,,
4.600,0.574,4.561,0.558,2023-06-23 19:21:34,,
4.599,0.579,4.600,0.568,2023-06-23 19:21:34,,
4.613,0.566,4.604,0.559,2023-06-23 19:21:35,,
4.613,0.582,4.618,0.583,2023-06-23 19:21:35,,
4.624,0.580,4.607,0.552,2023-06-23 19:21:35,,
4.618,0.571,4.637,0.580,2023-06-23 19:21:35,,
4.637,0.568,4.629,0.566,2023-06-23 19:21:35,,
4.638,0.588,4.647,0.586,2023-06-23 19:21:35,,
4.648,0.595,4.630,0.570,2023-06-23 19:21:35,,
4.629,0.590,4.648,0.587,2023-06-23 19:21:35,,
4.637,0.579,4.631,0.572,2023-06-23 19:21:35,,
4.619,0.586,4.641,0.597,2023-06-23 19:21:35,,
4.643,0.586,4.639,0.589,2023-06-23 19:21:35,,
4.621,0.597,4.649,0.603,2023-06-23 19:21:35,,
4.630,0.590,4.639,0.578,2023-06-23 19:21:35,,
4.615,0.590,4.647,0.598,2023-06-23 19:21:35,,
4.645,0.584,4.650,0.580,2023-06-23 19:21:35,,
4.628,0.588,4.656,0.591,2023-06-23 19:21:35,,
4.640,0.585,4.635,0.577,2023-06-23 19:21:36,,
4.618,0.573,4.642,0.597,2023-06-23 19:21:36,,
4.639,0.599,4.634,0.576,2023-06-23 19:21:36,,
4.603,0.565,4.654,0.605,2023-06-23 19:21:36,,
4.622,0.566,4.621,0.575,2023-06-23 19:21:36,,
4.612,0.569,4.637,0.592,2023-06-23 19:21:36,,
4.630,0.564,4.634,0.570,2023-06-23 19:21:36,,
4.624,0.573,4.627,0.588,2023-06-23 19:21:36,,
4.619,0.558,4.598,0.577,2023-06-23 19:21:36,,
4.616,0.571,4.607,0.579,2023-06-23 19:21:36,,
4.609,0.565,4.587,0.573,2023-06-23 19:21:36,,
4.594,0.566,4.606,0.579,2023-06-23 19:21:36,,
4.621,0.573,4.616,0.574,2023-06-23 19:21:36,,
4.590,0.566,4.613,0.579,2023-06-23 19:21:36,,
4.590,0.563,4.574,0.563,2023-06-23 19:21:36,,
4.584,0.572,4.580,0.563,2023-06-23 19:21:36,,
4.609,0.596,4.582,0.555,2023-06-23 19:21:37,,
4.583,0.586,4.590,0.572,2023-06-23 19:21:37,,
4.596,0.562,4.625,0.528,2023-06-23 19:21:38,,
4.565,0.569,4.633,0.552,2023-06-23 19:21:38,,
4.597,0.573,4.635,0.565,2023-06-23 19:21:38,,
4.582,0.565,4.628,0.589,2023-06-23 19:21:38,,
4.612,0.574,4.600,0.579,2023-06-23 19:21:38,,
4.610,0.586,4.623,0.577,2023-06-23 19:21:39,,
4.635,0.573,4.633,0.562,2023-06-23 19:21:39,,
4.624,0.572,4.642,0.576,2023-06-23 19:21:39,,
4.638,0.579,4.636,0.563,2023-06-23 19:21:39,,
4.639,0.586,4.659,0.580,2023-06-23 19:21:39,,
4.646,0.580,4.646,0.563,2023-06-23 19:21:39,,
4.648,0.580,4.663,0.582,2023-06-23 19:21:39,,
4.674,0.589,4.662,0.575,2023-06-23 19:21:39,,
4.639,0.598,4.661,0.583,2023-06-23 19:21:39,,
4.661,0.584,4.650,0.565,2023-06-23 19:21:39,,
4.655,0.590,4.669,0.586,2023-06-23 19:21:39,,
4.680,0.576,4.664,0.574,2023-06-23 19:21:39,,
4.655,0.585,4.674,0.609,2023-06-23 19:21:39,,
4.681,0.586,4.667,0.580,2023-06-23 19:21:39,,
4.654,0.578,4.669,0.583,2023-06-23 19:21:39,,
4.652,0.566,4.657,0.570,2023-06-23 19:21:40,,
4.631,0.577,4.667,0.584,2023-06-23 19:21:40,,
4.638,0.564,4.662,0.574,2023-06-23 19:21:40,,
4.618,0.566,4.672,0.594,2023-06-23 19:21:40,,
4.635,0.572,4.654,0.560,2023-06-23 19:21:40,,
4.606,0.555,4.672,0.578,2023-06-23 19:21:40,,
4.618,0.556,4.669,0.575,2023-06-23 19:21:40,,
4.616,0.577,4.659,0.583,2023-06-23 19:21:40,,
4.616,0.573,4.638,0.576,2023-06-23 19:21:40,,
4.612,0.567,4.658,0.585,2023-06-23 19:21:40,,
4.630,0.574,4.646,0.570,2023-06-23 19:21:40,,
4.609,0.569,4.641,0.583,2023-06-23 19:21:40,,
4.624,0.577,4.613,0.569,2023-06-23 19:21:40,,
4.609,0.572,4.620,0.585,2023-06-23 19:21:40,,
4.620,0.564,4.601,0.570,2023-06-23 19:21:40,,
4.605,0.570,4.616,0.587,2023-06-23 19:21:40,,
4.616,0.565,4.598,0.570,2023-06-23 19:21:41,,
4.607,0.577,4.590,0.570,2023-06-23 19:21:41,,
4.558,0.569,4.602,0.548,2023-06-23 19:21:42,,
4.546,0.577,4.602,0.563,2023-06-23 19:21:42,,
4.564,0.589,4.604,0.574,2023-06-23 19:21:42,,
4.548,0.580,4.591,0.595,2023-06-23 19:21:42,,
4.576,0.571,4.570,0.581,2023-06-23 19:21:42,,
4.570,0.568,4.605,0.569,2023-06-23 19:21:43,,
4.592,0.567,4.600,0.560,2023-06-23 19:21:43,,
4.583,0.572,4.598,0.570,2023-06-23 19:21:43,,
4.616,0.568,4.605,0.565,2023-06-23 19:21:43,,
4.600,0.565,4.608,0.558,2023-06-23 19:21:43,,
4.628,0.556,4.602,0.548,2023-06-23 19:21:43,,
4.633,0.571,4.630,0.566,2023-06-23 19:21:43,,
4.645,0.571,4.617,0.553,2023-06-23 19:21:43,,
4.633,0.583,4.632,0.571,2023-06-23 19:21:43,,
4.654,0.583,4.624,0.558,2023-06-23 19:21:43,,
4.642,0.563,4.638,0.560,2023-06-23 19:21:43,,
4.664,0.583,4.631,0.559,2023-06-23 19:21:43,,
4.648,0.586,4.649,0.595,2023-06-23 19:21:43,,
4.659,0.587,4.647,0.566,2023-06-23 19:21:43,,
4.650,0.592,4.659,0.581,2023-06-23 19:21:43,,
4.649,0.579,4.651,0.572,2023-06-23 19:21:43,,
4.629,0.582,4.661,0.591,2023-06-23 19:21:44,,
4.639,0.580,4.645,0.572,2023-06-23 19:21:44,,
4.625,0.577,4.650,0.578,2023-06-23 19:21:44,,
4.643,0.577,4.642,0.566,2023-06-23 19:21:44,,
4.618,0.571,4.651,0.573,2023-06-23 19:21:44,,
4.633,0.572,4.632,0.585,2023-06-23 19:21:44,,
4.619,0.574,4.632,0.582,2023-06-23 19:21:44,,
4.631,0.574,4.618,0.573,2023-06-23 19:21:44,,
4.611,0.573,4.618,0.593,2023-06-23 19:21:44,,
4.622,0.565,4.603,0.563,2023-06-23 19:21:44,,
4.624,0.584,4.618,0.579,2023-06-23 19:21:44,,
4.632,0.570,4.604,0.559,2023-06-23 19:21:44,,
4.608,0.570,4.610,0.571,2023-06-23 19:21:44,,
4.621,0.558,4.616,0.567,2023-06-23 19:21:44,,
4.599,0.562,4.625,0.574,2023-06-23 19:21:44,,
4.622,0.564,4.620,0.556,2023-06-23 19:21:44,,
4.606,0.565,4.611,0.561,2023-06-23 19:21:45,,
4.598,0.567,4.647,0.535,2023-06-23 19:21:46,,
4.563,0.567,4.650,0.561,2023-06-23 19:21:46,,
4.604,0.577,4.652,0.545,2023-06-23 19:21:46,,
4.600,0.568,4.672,0.565,2023-06-23 19:21:46,,
4.612,0.562,4.660,0.560,2023-06-23 19:21:46,,
4.624,0.596,4.679,0.552,2023-06-23 19:21:46,,
4.638,0.572,4.659,0.540,2023-06-23 19:21:46,,
4.646,0.576,4.677,0.569,2023-06-23 19:21:47,,
4.663,0.580,4.676,0.559,2023-06-23 19:21:47,,
4.640,0.582,4.690,0.571,2023-06-23 19:21:47,,
4.654,0.565,4.678,0.549,2023-06-23 19:21:47,,
4.641,0.577,4.678,0.581,2023-06-23 19:21:47,,
4.675,0.578,4.675,0.555,2023-06-23 19:21:47,,
4.668,0.590,4.710,0.580,2023-06-23 19:21:47,,
4.684,0.592,4.676,0.556,2023-06-23 19:21:47,,
4.667,0.575,4.689,0.571,2023-06-23 19:21:47,,
4.669,0.587,4.665,0.563,2023-06-23 19:21:47,,
4.663,0.583,4.695,0.590,2023-06-23 19:21:47,,
4.675,0.578,4.680,0.566,2023-06-23 19:21:47,,
4.659,0.588,4.685,0.591,2023-06-23 19:21:47,,
4.672,0.581,4.670,0.568,2023-06-23 19:21:47,,
4.659,0.584,4.677,0.582,2023-06-23 19:21:47,,
4.655,0.567,4.675,0.566,2023-06-23 19:21:48,,
4.642,0.578,4.688,0.583,2023-06-23 19:21:48,,
4.659,0.567,4.672,0.556,2023-06-23 19:21:48,,
4.639,0.572,4.698,0.581,2023-06-23 19:21:48,,
4.647,0.556,4.680,0.572,2023-06-23 19:21:48,,
4.629,0.567,4.680,0.588,2023-06-23 19:21:48,,
4.631,0.561,4.662,0.565,2023-06-23 19:21:48,,
4.631,0.567,4.666,0.587,2023-06-23 19:21:48,,
4.628,0.569,4.635,0.556,2023-06-23 19:21:48,,
4.623,0.575,4.646,0.577,2023-06-23 19:21:48,,
4.624,0.571,4.619,0.558,2023-06-23 19:21:48,,
4.617,0.569,4.634,0.571,2023-06-23 19:21:48,,
4.615,0.568,4.624,0.554,2023-06-23 19:21:48,,
4.608,0.578,4.637,0.574,2023-06-23 19:21:48,,
4.614,0.570,4.617,0.557,2023-06-23 19:21:48,,
4.598,0.569,4.612,0.574,2023-06-23 19:21:48,,
4.554,0.575,4.579,0.547,2023-06-23 19:21:50,,
4.546,0.571,4.584,0.573,2023-06-23 19:21:50,,
4.565,0.577,4.573,0.558,2023-06-23 19:21:50,,
4.562,0.576,4.602,0.587,2023-06-23 19:21:50,,
4.604,0.580,4.587,0.574,2023-06-23 19:21:50,,
4.603,0.581,4.617,0.565,2023-06-23 19:21:50,,
4.627,0.569,4.606,0.557,2023-06-23 19:21:50,,
4.620,0.575,4.624,0.573,2023-06-23 19:21:50,,
4.638,0.576,4.627,0.557,2023-06-23 19:21:51,,
4.636,0.589,4.643,0.565,2023-06-23 19:21:51,,
4.670,0.574,4.650,0.554,2023-06-23 19:21:51,,
4.646,0.576,4.660,0.578,2023-06-23 19:21:51,,
4.678,0.586,4.661,0.561,2023-06-23 19:21:51,,
4.641,0.585,4.655,0.569,2023-06-23 19:21:51,,
4.665,0.566,4.649,0.554,2023-06-23 19:21:51,,
4.660,0.577,4.667,0.565,2023-06-23 19:21:51,,
4.669,0.570,4.659,0.560,2023-06-23 19:21:51,,
4.661,0.573,4.678,0.579,2023-06-23 19:21:51,,
4.669,0.578,4.667,0.561,2023-06-23 19:21:51,,
4.637,0.579,4.663,0.573,2023-06-23 19:21:51,,
4.670,0.587,4.646,0.557,2023-06-23 19:21:51,,
4.626,0.577,4.662,0.579,2023-06-23 19:21:51,,
4.642,0.574,4.656,0.566,2023-06-23 19:21:51,,
4.623,0.569,4.667,0.583,2023-06-23 19:21:52,,
4.635,0.571,4.654,0.580,2023-06-23 19:21:52,,
4.622,0.575,4.665,0.580,2023-06-23 19:21:52,,
4.635,0.565,4.660,0.587,2023-06-23 19:21:52,,
4.622,0.566,4.656,0.587,2023-06-23 19:21:52,,
4.644,0.573,4.638,0.570,2023-06-23 19:21:52,,
4.618,0.570,4.634,0.583,2023-06-23 19:21:52,,
4.630,0.568,4.613,0.571,2023-06-23 19:21:52,,
4.609,0.567,4.600,0.582,2023-06-23 19:21:52,,
4.624,0.578,4.571,0.562,2023-06-23 19:21:52,,
4.596,0.576,4.581,0.576,2023-06-23 19:21:52,,
4.618,0.573,4.562,0.559,2023-06-23 19:21:52,,
4.604,0.574,4.587,0.578,2023-06-23 19:21:52,,
4.629,0.570,4.571,0.564,2023-06-23 19:21:52,,
4.607,0.560,4.563,0.565,2023-06-23 19:21:52,,
4.562,0.582,4.555,0.525,2023-06-23 19:21:54,,
4.539,0.581,4.562,0.561,2023-06-23 19:21:54,,
4.571,0.569,4.567,0.547,2023-06-23 19:21:54,,
4.577,0.566,4.601,0.581,2023-06-23 19:21:54,,
4.603,0.559,4.602,0.565,2023-06-23 19:21:54,,
4.618,0.575,4.623,0.554,2023-06-23 19:21:54,,
4.653,0.576,4.634,0.545,2023-06-23 19:21:54,,
4.634,0.572,4.640,0.559,2023-06-23 19:21:54,,
4.673,0.567,4.655,0.551,2023-06-23 19:21:54,,
4.658,0.569,4.679,0.569,2023-06-23 19:21:54,,
4.678,0.568,4.654,0.536,2023-06-23 19:21:55,,
4.673,0.577,4.682,0.561,2023-06-23 19:21:55,,
4.703,0.576,4.673,0.547,2023-06-23 19:21:55,,
4.663,0.575,4.678,0.575,2023-06-23 19:21:55,,
4.714,0.592,4.689,0.552,2023-06-23 19:21:55,,
4.678,0.578,4.691,0.575,2023-06-23 19:21:55,,
4.704,0.571,4.689,0.553,2023-06-23 19:21:55,,
4.684,0.576,4.700,0.587,2023-06-23 19:21:55,,
4.701,0.586,4.692,0.558,2023-06-23 19:21:55,,
4.684,0.588,4.703,0.579,2023-06-23 19:21:55,,
4.684,0.582,4.682,0.564,2023-06-23 19:21:55,,
4.676,0.585,4.702,0.577,2023-06-23 19:21:55,,
4.680,0.580,4.697,0.572,2023-06-23 19:21:55,,
4.657,0.577,4.691,0.580,2023-06-23 19:21:55,,
4.671,0.575,4.679,0.564,2023-06-23 19:21:55,,
4.653,0.576,4.695,0.580,2023-06-23 19:21:56,,
4.674,0.569,4.696,0.565,2023-06-23 19:21:56,,
4.645,0.567,4.675,0.572,2023-06-23 19:21:56,,
4.645,0.557,4.662,0.577,2023-06-23 19:21:56,,
4.629,0.556,4.657,0.584,2023-06-23 19:21:56,,
4.639,0.557,4.634,0.561,2023-06-23 19:21:56,,
4.627,0.564,4.635,0.571,2023-06-23 19:21:56,,
4.640,0.569,4.606,0.554,2023-06-23 19:21:56,,
4.602,0.560,4.598,0.563,2023-06-23 19:21:56,,
4.620,0.569,4.581,0.548,2023-06-23 19:21:56,,
4.601,0.569,4.585,0.557,2023-06-23 19:21:56,,
4.616,0.568,4.574,0.560,2023-06-23 19:21:56,,
4.606,0.571,4.573,0.567,2023-06-23 19:21:56,,
4.550,0.545,4.616,0.534,2023-06-23 19:21:58,,
4.554,0.569,4.614,0.533,2023-06-23 19:21:58,,
4.590,0.573,4.619,0.541,2023-06-23 19:21:58,,
4.601,0.573,4.640,0.546,2023-06-23 19:21:58,,
4.639,0.570,4.654,0.554,2023-06-23 19:21:58,,
4.651,0.576,4.664,0.557,2023-06-23 19:21:58,,
4.681,0.566,4.666,0.541,2023-06-23 19:21:58,,
4.685,0.577,4.686,0.548,2023-06-23 19:21:58,,
4.693,0.568,4.673,0.539,2023-06-23 19:21:58,,
4.691,0.601,4.677,0.551,2023-06-23 19:21:58,,
4.701,0.579,4.693,0.543,2023-06-23 19:21:58,,
4.673,0.588,4.686,0.541,2023-06-23 19:21:59,,
4.699,0.571,4.696,0.541,2023-06-23 19:21:59,,
4.682,0.594,4.699,0.560,2023-06-23 19:21:59,,
4.693,0.573,4.686,0.553,2023-06-23 19:21:59,,
4.684,0.581,4.703,0.562,2023-06-23 19:21:59,,
4.695,0.584,4.696,0.558,2023-06-23 19:21:59,,
4.690,0.589,4.693,0.572,2023-06-23 19:21:59,,
4.670,0.581,4.702,0.570,2023-06-23 19:21:59,,
4.659,0.591,4.694,0.584,2023-06-23 19:21:59,,
4.607,0.577,4.667,0.580,2023-06-23 19:21:59,,
4.649,0.579,4.676,0.556,2023-06-23 19:21:59,,
4.627,0.566,4.647,0.555,2023-06-23 19:21:59,,
4.612,0.581,4.665,0.582,2023-06-23 19:21:59,,
4.627,0.575,4.649,0.545,2023-06-23 19:21:59,,
4.605,0.570,4.670,0.575,2023-06-23 19:21:59,,
4.633,0.569,4.664,0.555,2023-06-23 19:21:59,,
4.617,0.556,4.682,0.587,2023-06-23 19:22:00,,
4.633,0.562,4.643,0.564,2023-06-23 19:22:00,,
4.626,0.568,4.655,0.570,2023-06-23 19:22:00,,
4.636,0.565,4.639,0.572,2023-06-23 19:22:00,,
4.622,0.578,4.616,0.580,2023-06-23 19:22:00,,
4.628,0.571,4.583,0.560,2023-06-23 19:22:00,,
4.607,0.581,4.581,0.584,2023-06-23 19:22:00,,
4.610,0.562,4.549,0.556,2023-06-23 19:22:00,,
4.590,0.569,4.573,0.596,2023-06-23 19:22:00,,
4.600,0.572,4.561,0.560,2023-06-23 19:22:00,,
4.586,0.561,4.569,0.573,2023-06-23 19:22:00,,
4.576,0.580,4.576,0.549,2023-06-23 19:22:02,,
4.535,0.578,4.582,0.556,2023-06-23 19:22:02,,
4.575,0.570,4.557,0.542,2023-06-23 19:22:02,,
4.570,0.582,4.574,0.580,2023-06-23 19:22:02,,
4.595,0.568,4.583,0.558,2023-06-23 19:22:02,,
4.591,0.580,4.605,0.588,2023-06-23 19:22:02,,
4.619,0.566,4.596,0.562,2023-06-23 19:22:02,,
4.611,0.577,4.622,0.561,2023-06-23 19:22:02,,
4.641,0.567,4.613,0.547,2023-06-23 19:22:02,,
4.619,0.580,4.616,0.571,2023-06-23 19:22:02,,
4.634,0.566,4.599,0.537,2023-06-23 19:22:02,,
4.619,0.576,4.631,0.564,2023-06-23 19:22:02,,
4.632,0.556,4.617,0.537,2023-06-23 19:22:03,,
4.635,0.581,4.638,0.559,2023-06-23 19:22:03,,
4.652,0.572,4.642,0.557,2023-06-23 19:22:03,,
4.634,0.570,4.656,0.569,2023-06-23 19:22:03,,
4.644,0.572,4.639,0.552,2023-06-23 19:22:03,,
4.638,0.573,4.659,0.579,2023-06-23 19:22:03,,
4.662,0.583,4.640,0.549,2023-06-23 19:22:03,,
4.635,0.578,4.649,0.580,2023-06-23 19:22:03,,
4.639,0.572,4.637,0.556,2023-06-23 19:22:03,,
4.637,0.585,4.645,0.573,2023-06-23 19:22:03,,
4.643,0.577,4.627,0.561,2023-06-23 19:22:03,,
4.627,0.582,4.648,0.574,2023-06-23 19:22:03,,
4.641,0.568,4.636,0.563,2023-06-23 19:22:04,,
4.615,0.568,4.625,0.593,2023-06-23 19:22:04,,
4.630,0.574,4.615,0.568,2023-06-23 19:22:04,,
4.616,0.571,4.614,0.580,2023-06-23 19:22:04,,
4.638,0.568,4.613,0.568,2023-06-23 19:22:04,,
4.614,0.558,4.610,0.575,2023-06-23 19:22:04,,
4.623,0.569,4.577,0.547,2023-06-23 19:22:04,,
4.617,0.567,4.607,0.553,2023-06-23 19:22:04,,
4.624,0.552,4.602,0.549,2023-06-23 19:22:04,,
4.602,0.561,4.617,0.563,2023-06-23 19:22:04,,
4.611,0.573,4.656,0.525,2023-06-23 19:22:06,,
4.579,0.562,4.658,0.533,2023-06-23 19:22:06,,
4.620,0.567,4.643,0.520,2023-06-23 19:22:06,,
4.598,0.566,4.651,0.541,2023-06-23 19:22:06,,
4.638,0.567,4.657,0.533,2023-06-23 19:22:06,,
4.621,0.569,4.668,0.552,2023-06-23 19:22:06,,
4.655,0.576,4.669,0.531,2023-06-23 19:22:06,,
4.632,0.578,4.687,0.545,2023-06-23 19:22:06,,
4.651,0.568,4.665,0.523,2023-06-23 19:22:06,,
4.629,0.571,4.690,0.561,2023-06-23 19:22:06,,
4.653,0.572,4.673,0.529,2023-06-23 19:22:06,,
4.642,0.583,4.696,0.554,2023-06-23 19:22:06,,
4.691,0.585,4.690,0.535,2023-06-23 19:22:06,,
4.664,0.585,4.700,0.554,2023-06-23 19:22:07,,
4.692,0.584,4.683,0.543,2023-06-23 19:22:07,,
4.668,0.589,4.707,0.562,2023-06-23 19:22:07,,
4.686,0.581,4.698,0.549,2023-06-23 19:22:07,,
4.672,0.600,4.709,0.563,2023-06-23 19:22:07,,
4.686,0.585,4.698,0.555,2023-06-23 19:22:07,,
4.658,0.576,4.708,0.584,2023-06-23 19:22:07,,
4.675,0.590,4.680,0.553,2023-06-23 19:22:07,,
4.638,0.581,4.691,0.570,2023-06-23 19:22:07,,
4.648,0.580,4.675,0.548,2023-06-23 19:22:07,,
4.619,0.581,4.692,0.570,2023-06-23 19:22:07,,
4.626,0.573,4.681,0.559,2023-06-23 19:22:07,,
4.617,0.579,4.699,0.571,2023-06-23 19:22:07,,
4.620,0.562,4.683,0.557,2023-06-23 19:22:07,,
4.607,0.563,4.681,0.570,2023-06-23 19:22:07,,
4.636,0.564,4.657,0.559,2023-06-23 19:22:08,,
4.609,0.548,4.647,0.558,2023-06-23 19:22:08,,
4.629,0.555,4.637,0.540,2023-06-23 19:22:08,,
4.616,0.554,4.656,0.566,2023-06-23 19:22:08,,
4.638,0.575,4.631,0.552,2023-06-23 19:22:08,,
4.617,0.570,4.622,0.571,2023-06-23 19:22:08,,
4.627,0.561,4.582,0.538,2023-06-23 19:22:08,,
4.618,0.576,4.595,0.555,2023-06-23 19:22:08,,
4.634,0.563,4.592,0.544,2023-06-23 19:22:08,,
4.611,0.567,4.611,0.570,2023-06-23 19:22:08,,
4.600,0.569,4.622,0.530,2023-06-23 19:22:10,,
4.572,0.576,4.615,0.542,2023-06-23 19:22:10,,
4.587,0.574,4.587,0.534,2023-06-23 19:22:10,,
4.587,0.573,4.620,0.577,2023-06-23 19:22:10,,
4.629,0.583,4.607,0.562,2023-06-23 19:22:10,,
4.601,0.575,4.618,0.577,2023-06-23 19:22:10,,
4.628,0.577,4.603,0.552,2023-06-23 19:22:10,,
4.624,0.580,4.622,0.560,2023-06-23 19:22:10,,
4.643,0.583,4.609,0.546,2023-06-23 19:22:10,,
4.618,0.582,4.613,0.566,2023-06-23 19:22:10,,
4.639,0.584,4.619,0.549,2023-06-23 19:22:10,,
4.608,0.579,4.634,0.565,2023-06-23 19:22:10,,
4.644,0.578,4.622,0.555,2023-06-23 19:22:10,,
4.628,0.578,4.637,0.577,2023-06-23 19:22:10,,
4.646,0.574,4.616,0.551,2023-06-23 19:22:11,,
4.627,0.578,4.632,0.559,2023-06-23 19:22:11,,
4.650,0.582,4.624,0.536,2023-06-23 19:22:11,,
4.615,0.565,4.630,0.556,2023-06-23 19:22:11,,
4.649,0.576,4.617,0.542,2023-06-23 19:22:11,,
4.625,0.576,4.629,0.562,2023-06-23 19:22:11,,
4.655,0.580,4.616,0.536,2023-06-23 19:22:11,,
4.626,0.583,4.622,0.568,2023-06-23 19:22:11,,
4.644,0.575,4.607,0.547,2023-06-23 19:22:11,,
4.645,0.582,4.625,0.565,2023-06-23 19:22:11,,
4.670,0.577,4.621,0.551,2023-06-23 19:22:11,,
4.663,0.579,4.639,0.575,2023-06-23 19:22:11,,
4.686,0.574,4.638,0.560,2023-06-23 19:22:11,,
4.667,0.577,4.641,0.570,2023-06-23 19:22:11,,
4.679,0.572,4.603,0.570,2023-06-23 19:22:11,,
4.659,0.583,4.609,0.574,2023-06-23 19:22:12,,
4.682,0.573,4.612,0.558,2023-06-23 19:22:12,,
4.658,0.572,4.617,0.574,2023-06-23 19:22:12,,
4.670,0.570,4.603,0.562,2023-06-23 19:22:12,,
4.646,0.577,4.612,0.573,2023-06-23 19:22:12,,
4.660,0.568,4.635,0.581,2023-06-23 19:22:12,,
4.654,0.582,4.689,0.569,2023-06-23 19:22:12,,
4.674,0.567,4.710,0.542,2023-06-23 19:22:12,,
4.662,0.589,4.721,0.559,2023-06-23 19:22:12,,
4.656,0.575,4.660,0.547,2023-06-23 19:22:14,,
4.630,0.581,4.652,0.545,2023-06-23 19:22:14,,
4.650,0.572,4.643,0.542,2023-06-23 19:22:14,,
4.636,0.583,4.669,0.557,2023-06-23 19:22:14,,
4.645,0.581,4.677,0.559,2023-06-23 19:22:14,,
4.639,0.565,4.703,0.563,2023-06-23 19:22:14,,
4.661,0.561,4.690,0.546,2023-06-23 19:22:14,,
4.672,0.581,4.696,0.550,2023-06-23 19:22:14,,
4.695,0.564,4.680,0.543,2023-06-23 19:22:14,,
4.686,0.571,4.687,0.550,2023-06-23 19:22:14,,
4.700,0.572,4.677,0.542,2023-06-23 19:22:14,,
4.679,0.573,4.687,0.555,2023-06-23 19:22:14,,
4.691,0.578,4.674,0.543,2023-06-23 19:22:14,,
4.664,0.577,4.680,0.563,2023-06-23 19:22:14,,
4.669,0.577,4.661,0.543,2023-06-23 19:22:14,,
4.647,0.593,4.677,0.560,2023-06-23 19:22:15,,
4.647,0.585,4.654,0.538,2023-06-23 19:22:15,,
4.638,0.573,4.676,0.568,2023-06-23 19:22:15,,
4.654,0.586,4.661,0.549,2023-06-23 19:22:15,,
4.647,0.584,4.686,0.572,2023-06-23 19:22:15,,
4.659,0.582,4.677,0.557,2023-06-23 19:22:15,,
4.639,0.588,4.696,0.584,2023-06-23 19:22:15,,
4.668,0.590,4.685,0.557,2023-06-23 19:22:15,,
4.651,0.588,4.690,0.566,2023-06-23 19:22:15,,
4.679,0.576,4.676,0.556,2023-06-23 19:22:15,,
4.681,0.583,4.684,0.581,2023-06-23 19:22:15,,
4.695,0.574,4.660,0.560,2023-06-23 19:22:15,,
4.670,0.572,4.688,0.583,2023-06-23 19:22:15,,
4.686,0.568,4.652,0.564,2023-06-23 19:22:15,,
4.658,0.571,4.657,0.578,2023-06-23 19:22:15,,
4.654,0.562,4.641,0.548,2023-06-23 19:22:15,,
4.640,0.575,4.642,0.573,2023-06-23 19:22:16,,
4.645,0.569,4.632,0.558,2023-06-23 19:22:16,,
4.633,0.571,4.630,0.566,2023-06-23 19:22:16,,
4.655,0.572,4.649,0.559,2023-06-23 19:22:16,,
4.631,0.569,4.695,0.567,2023-06-23 19:22:16,,
4.649,0.571,4.711,0.540,2023-06-23 19:22:16,,
4.625,0.569,4.719,0.558,2023-06-23 19:22:16,,
4.564,0.576,4.604,0.534,2023-06-23 19:22:17,,
4.538,0.565,4.603,0.540,2023-06-23 19:22:17,,
4.575,0.571,4.609,0.520,2023-06-23 19:22:18,,
4.562,0.571,4.612,0.542,2023-06-23 19:22:18,,
4.586,0.566,4.609,0.539,2023-06-23 19:22:18,,
4.590,0.579,4.620,0.550,2023-06-23 19:22:18,,
4.611,0.577,4.601,0.550,2023-06-23 19:22:18,,
4.597,0.579,4.627,0.569,2023-06-23 19:22:18,,
4.633,0.573,4.632,0.546,2023-06-23 19:22:18,,
4.625,0.574,4.645,0.563,2023-06-23 19:22:18,,
4.656,0.573,4.644,0.552,2023-06-23 19:22:18,,
4.637,0.572,4.661,0.574,2023-06-23 19:22:18,,
4.659,0.576,4.662,0.558,2023-06-23 19:22:18,,
4.634,0.577,4.661,0.568,2023-06-23 19:22:18,,
4.692,0.580,4.667,0.553,2023-06-23 19:22:18,,
4.664,0.580,4.673,0.572,2023-06-23 19:22:18,,
4.675,0.595,4.651,0.557,2023-06-23 19:22:18,,
4.652,0.577,4.671,0.580,2023-06-23 19:22:18,,
4.668,0.574,4.648,0.547,2023-06-23 19:22:19,,
4.657,0.581,4.663,0.565,2023-06-23 19:22:19,,
4.682,0.589,4.652,0.554,2023-06-23 19:22:19,,
4.659,0.577,4.662,0.568,2023-06-23 19:22:19,,
4.668,0.569,4.646,0.553,2023-06-23 19:22:19,,
4.650,0.577,4.657,0.577,2023-06-23 19:22:19,,
4.668,0.577,4.652,0.554,2023-06-23 19:22:19,,
4.644,0.572,4.670,0.580,2023-06-23 19:22:19,,
4.674,0.570,4.657,0.554,2023-06-23 19:22:19,,
4.642,0.568,4.656,0.582,2023-06-23 19:22:19,,
4.660,0.575,4.636,0.555,2023-06-23 19:22:19,,
4.619,0.570,4.633,0.576,2023-06-23 19:22:19,,
4.634,0.567,4.618,0.556,2023-06-23 19:22:19,,
4.614,0.568,4.631,0.581,2023-06-23 19:22:19,,
4.645,0.576,4.634,0.564,2023-06-23 19:22:19,,
4.612,0.565,4.620,0.582,2023-06-23 19:22:19,,
4.639,0.568,4.622,0.568,2023-06-23 19:22:20,,
4.618,0.570,4.613,0.572,2023-06-23 19:22:20,,
4.639,0.576,4.610,0.543,2023-06-23 19:22:20,,
4.609,0.575,4.620,0.566,2023-06-23 19:22:20,,
4.547,0.579,4.609,0.533,2023-06-23 19:22:21,,
4.526,0.581,4.608,0.540,2023-06-23 19:22:21,,
4.555,0.575,4.565,0.525,2023-06-23 19:22:21,,
4.530,0.565,4.592,0.543,2023-06-23 19:22:21,,
4.557,0.564,4.579,0.530,2023-06-23 19:22:22,,
4.549,0.574,4.590,0.553,2023-06-23 19:22:22,,
4.570,0.573,4.575,0.536,2023-06-23 19:22:22,,
4.575,0.585,4.600,0.565,2023-06-23 19:22:22,,
4.591,0.578,4.596,0.562,2023-06-23 19:22:22,,
4.582,0.568,4.615,0.563,2023-06-23 19:22:22,,
4.616,0.577,4.604,0.539,2023-06-23 19:22:22,,
4.589,0.571,4.617,0.565,2023-06-23 19:22:22,,
4.633,0.577,4.616,0.547,2023-06-23 19:22:22,,
4.612,0.578,4.632,0.562,2023-06-23 19:22:22,,
4.645,0.576,4.619,0.546,2023-06-23 19:22:22,,
4.630,0.572,4.643,0.563,2023-06-23 19:22:22,,
4.662,0.584,4.634,0.547,2023-06-23 19:22:22,,
4.628,0.574,4.640,0.573,2023-06-23 19:22:22,,
4.642,0.570,4.624,0.543,2023-06-23 19:22:22,,
4.630,0.569,4.650,0.561,2023-06-23 19:22:22,,
4.647,0.564,4.634,0.543,2023-06-23 19:22:23,,
4.638,0.583,4.652,0.572,2023-06-23 19:22:23,,
4.643,0.584,4.636,0.549,2023-06-23 19:22:23,,
4.631,0.582,4.673,0.571,2023-06-23 19:22:23,,
4.645,0.578,4.648,0.552,2023-06-23 19:22:23,,
4.632,0.580,4.671,0.564,2023-06-23 19:22:23,,
4.647,0.576,4.658,0.558,2023-06-23 19:22:23,,
4.620,0.574,4.671,0.579,2023-06-23 19:22:23,,
4.616,0.563,4.638,0.561,2023-06-23 19:22:23,,
4.605,0.570,4.648,0.580,2023-06-23 19:22:23,,
4.606,0.568,4.631,0.570,2023-06-23 19:22:23,,
4.586,0.564,4.625,0.577,2023-06-23 19:22:23,,
4.612,0.570,4.599,0.563,2023-06-23 19:22:23,,
4.588,0.568,4.597,0.564,2023-06-23 19:22:23,,
4.611,0.569,4.569,0.556,2023-06-23 19:22:23,,
4.595,0.555,4.582,0.572,2023-06-23 19:22:23,,
4.615,0.558,4.555,0.544,2023-06-23 19:22:24,,
4.604,0.564,4.574,0.551,2023-06-23 19:22:24,,
4.557,0.579,4.578,0.528,2023-06-23 19:22:25,,
4.529,0.574,4.587,0.559,2023-06-23 19:22:25,,
4.559,0.564,4.603,0.536,2023-06-23 19:22:25,,
4.566,0.573,4.590,0.536,2023-06-23 19:22:25,,
4.599,0.568,4.609,0.537,2023-06-23 19:22:25,,
4.598,0.565,4.627,0.545,2023-06-23 19:22:26,,
4.634,0.560,4.630,0.537,2023-06-23 19:22:26,,
4.633,0.569,4.646,0.548,2023-06-23 19:22:26,,
4.646,0.566,4.643,0.538,2023-06-23 19:22:26,,
4.635,0.564,4.658,0.563,2023-06-23 19:22:26,,
4.652,0.563,4.653,0.539,2023-06-23 19:22:26,,
4.642,0.568,4.681,0.556,2023-06-23 19:22:26,,
4.672,0.571,4.668,0.540,2023-06-23 19:22:26,,
4.665,0.568,4.690,0.564,2023-06-23 19:22:26,,
4.699,0.573,4.682,0.538,2023-06-23 19:22:26,,
4.677,0.585,4.694,0.564,2023-06-23 19:22:26,,
4.700,0.578,4.696,0.556,2023-06-23 19:22:26,,
4.674,0.576,4.706,0.568,2023-06-23 19:22:26,,
4.681,0.578,4.681,0.553,2023-06-23 19:22:26,,
4.686,0.586,4.714,0.577,2023-06-23 19:22:26,,
4.690,0.586,4.702,0.557,2023-06-23 19:22:26,,
4.668,0.586,4.715,0.571,2023-06-23 19:22:27,,
4.670,0.580,4.695,0.554,2023-06-23 19:22:27,,
4.661,0.587,4.706,0.571,2023-06-23 19:22:27,,
4.667,0.588,4.688,0.549,2023-06-23 19:22:27,,
4.644,0.573,4.706,0.575,2023-06-23 19:22:27,,
4.668,0.573,4.699,0.553,2023-06-23 19:22:27,,
4.643,0.581,4.683,0.561,2023-06-23 19:22:27,,
4.636,0.571,4.660,0.554,2023-06-23 19:22:27,,
4.621,0.572,4.664,0.565,2023-06-23 19:22:27,,
4.624,0.564,4.641,0.560,2023-06-23 19:22:27,,
4.606,0.570,4.635,0.555,2023-06-23 19:22:27,,
4.610,0.562,4.588,0.552,2023-06-23 19:22:27,,
4.597,0.567,4.582,0.571,2023-06-23 19:22:27,,
4.606,0.566,4.569,0.559,2023-06-23 19:22:27,,
4.587,0.555,4.555,0.571,2023-06-23 19:22:27,,
4.600,0.568,4.529,0.550,2023-06-23 19:22:28,,
4.598,0.568,4.538,0.558,2023-06-23 19:22:28,,
4.628,0.583,4.609,0.539,2023-06-23 19:22:29,,
4.585,0.583,4.610,0.549,2023-06-23 19:22:29,,
4.568,0.562,4.597,0.522,2023-06-23 19:22:29,,
4.565,0.568,4.560,0.540,2023-06-23 19:22:29,,
4.579,0.559,4.601,0.540,2023-06-23 19:22:29,,
4.562,0.565,4.615,0.556,2023-06-23 19:22:29,,
4.603,0.569,4.623,0.533,2023-06-23 19:22:30,,
4.589,0.576,4.641,0.547,2023-06-23 19:22:30,,
4.594,0.576,4.627,0.546,2023-06-23 19:22:30,,
4.571,0.571,4.644,0.567,2023-06-23 19:22:30,,
4.600,0.571,4.643,0.552,2023-06-23 19:22:30,,
4.599,0.576,4.650,0.559,2023-06-23 19:22:30,,
4.620,0.576,4.614,0.543,2023-06-23 19:22:30,,
4.610,0.579,4.625,0.566,2023-06-23 19:22:30,,
4.646,0.581,4.624,0.545,2023-06-23 19:22:30,,
4.629,0.583,4.637,0.568,2023-06-23 19:22:30,,
4.641,0.573,4.619,0.550,2023-06-23 19:22:30,,
4.633,0.578,4.642,0.583,2023-06-23 19:22:30,,
4.654,0.574,4.623,0.554,2023-06-23 19:22:30,,
4.650,0.589,4.632,0.566,2023-06-23 19:22:30,,
4.654,0.575,4.619,0.547,2023-06-23 19:22:30,,
4.640,0.576,4.636,0.571,2023-06-23 19:22:30,,
4.663,0.569,4.620,0.548,2023-06-23 19:22:31,,
4.652,0.580,4.638,0.582,2023-06-23 19:22:31,,
4.670,0.565,4.631,0.546,2023-06-23 19:22:31,,
4.647,0.576,4.643,0.570,2023-06-23 19:22:31,,
4.660,0.565,4.626,0.549,2023-06-23 19:22:31,,
4.640,0.570,4.641,0.571,2023-06-23 19:22:31,,
4.645,0.564,4.614,0.545,2023-06-23 19:22:31,,
4.644,0.576,4.636,0.569,2023-06-23 19:22:31,,
4.659,0.569,4.624,0.557,2023-06-23 19:22:31,,
4.634,0.569,4.647,0.577,2023-06-23 19:22:31,,
4.652,0.563,4.612,0.552,2023-06-23 19:22:31,,
4.643,0.573,4.626,0.575,2023-06-23 19:22:31,,
4.674,0.575,4.629,0.553,2023-06-23 19:22:31,,
4.647,0.586,4.634,0.567,2023-06-23 19:22:31,,
4.654,0.571,4.630,0.554,2023-06-23 19:22:31,,
4.627,0.573,4.622,0.562,2023-06-23 19:22:32,,
4.558,0.592,4.566,0.537,2023-06-23 19:22:33,,
4.520,0.590,4.557,0.546,2023-06-23 19:22:33,,
4.531,0.574,4.531,0.539,2023-06-23 19:22:33,,
4.544,0.582,4.534,0.561,2023-06-23 19:22:33,,
4.565,0.574,4.541,0.540,2023-06-23 19:22:33,,
4.581,0.577,4.595,0.568,2023-06-23 19:22:33,,
4.596,0.570,4.590,0.548,2023-06-23 19:22:34,,
4.590,0.582,4.603,0.562,2023-06-23 19:22:34,,
4.602,0.555,4.598,0.548,2023-06-23 19:22:34,,
4.604,0.571,4.627,0.559,2023-06-23 19:22:34,,
4.622,0.562,4.610,0.548,2023-06-23 19:22:34,,
4.609,0.569,4.623,0.557,2023-06-23 19:22:34,,
4.639,0.564,4.617,0.538,2023-06-23 19:22:34,,
4.605,0.572,4.636,0.550,2023-06-23 19:22:34,,
4.645,0.568,4.629,0.541,2023-06-23 19:22:34,,
4.629,0.574,4.650,0.565,2023-06-23 19:22:34,,
4.646,0.578,4.633,0.540,2023-06-23 19:22:34,,
4.620,0.580,4.648,0.559,2023-06-23 19:22:34,,
4.641,0.583,4.636,0.549,2023-06-23 19:22:34,,
4.604,0.590,4.645,0.561,2023-06-23 19:22:34,,
4.629,0.595,4.632,0.549,2023-06-23 19:22:34,,
4.592,0.587,4.650,0.586,2023-06-23 19:22:34,,
4.611,0.591,4.632,0.553,2023-06-23 19:22:35,,
4.589,0.570,4.652,0.584,2023-06-23 19:22:35,,
4.606,0.581,4.626,0.559,2023-06-23 19:22:35,,
4.596,0.579,4.636,0.581,2023-06-23 19:22:35,,
4.613,0.581,4.618,0.563,2023-06-23 19:22:35,,
4.601,0.575,4.641,0.571,2023-06-23 19:22:35,,
4.625,0.579,4.627,0.559,2023-06-23 19:22:35,,
4.599,0.581,4.626,0.575,2023-06-23 19:22:35,,
4.614,0.570,4.582,0.561,2023-06-23 19:22:35,,
4.582,0.569,4.570,0.564,2023-06-23 19:22:35,,
4.593,0.555,4.549,0.555,2023-06-23 19:22:35,,
4.586,0.562,4.561,0.565,2023-06-23 19:22:35,,
4.604,0.558,4.539,0.546,2023-06-23 19:22:35,,
4.596,0.567,4.566,0.557,2023-06-23 19:22:35,,
4.584,0.571,4.612,0.542,2023-06-23 19:22:37,,
4.547,0.563,4.603,0.554,2023-06-23 19:22:37,,
4.584,0.569,4.583,0.533,2023-06-23 19:22:37,,
4.545,0.561,4.602,0.551,2023-06-23 19:22:37,,
4.576,0.562,4.575,0.531,2023-06-23 19:22:37,,
4.567,0.572,4.575,0.537,2023-06-23 19:22:37,,
4.580,0.560,4.580,0.524,2023-06-23 19:22:37,,
4.565,0.562,4.594,0.551,2023-06-23 19:22:37,,
4.589,0.566,4.587,0.529,2023-06-23 19:22:37,,
4.583,0.564,4.598,0.545,2023-06-23 19:22:38,,
4.593,0.563,4.587,0.545,2023-06-23 19:22:38,,
4.587,0.569,4.609,0.569,2023-06-23 19:22:38,,
4.638,0.579,4.607,0.534,2023-06-23 19:22:38,,
4.601,0.573,4.608,0.551,2023-06-23 19:22:38,,
4.623,0.570,4.601,0.538,2023-06-23 19:22:38,,
4.619,0.587,4.628,0.573,2023-06-23 19:22:38,,
4.636,0.586,4.604,0.544,2023-06-23 19:22:38,,
4.613,0.580,4.617,0.561,2023-06-23 19:22:38,,
4.639,0.573,4.618,0.552,2023-06-23 19:22:38,,
4.634,0.592,4.619,0.566,2023-06-23 19:22:38,,
4.646,0.586,4.603,0.549,2023-06-23 19:22:38,,
4.628,0.584,4.626,0.568,2023-06-23 19:22:38,,
4.648,0.586,4.623,0.555,2023-06-23 19:22:38,,
4.637,0.585,4.636,0.577,2023-06-23 19:22:38,,
4.656,0.578,4.621,0.560,2023-06-23 19:22:38,,
4.635,0.579,4.638,0.570,2023-06-23 19:22:39,,
4.658,0.579,4.638,0.557,2023-06-23 19:22:39,,
4.631,0.576,4.633,0.559,2023-06-23 19:22:39,,
4.630,0.565,4.598,0.542,2023-06-23 19:22:39,,
4.617,0.558,4.620,0.566,2023-06-23 19:22:39,,
4.622,0.556,4.610,0.546,2023-06-23 19:22:39,,
4.608,0.559,4.634,0.573,2023-06-23 19:22:39,,
4.629,0.562,4.632,0.547,2023-06-23 19:22:39,,
4.611,0.573,4.630,0.574,2023-06-23 19:22:39,,
4.619,0.551,4.615,0.553,2023-06-23 19:22:39,,
4.607,0.562,4.623,0.558,2023-06-23 19:22:39,,
4.616,0.559,4.623,0.554,2023-06-23 19:22:39,,
4.613,0.571,4.631,0.563,2023-06-23 19:22:39,,
4.607,0.572,4.648,0.543,2023-06-23 19:22:41,,
4.580,0.581,4.646,0.542,2023-06-23 19:22:41,,
4.614,0.575,4.645,0.535,2023-06-23 19:22:41,,
4.606,0.572,4.676,0.558,2023-06-23 19:22:41,,
4.647,0.574,4.633,0.547,2023-06-23 19:22:41,,
4.640,0.581,4.662,0.543,2023-06-23 19:22:41,,
4.662,0.571,4.673,0.534,2023-06-23 19:22:41,,
4.651,0.573,4.679,0.544,2023-06-23 19:22:41,,
4.683,0.571,4.674,0.536,2023-06-23 19:22:41,,
4.627,0.582,4.673,0.559,2023-06-23 19:22:41,,
4.640,0.566,4.662,0.542,2023-06-23 19:22:42,,
4.628,0.588,4.678,0.559,2023-06-23 19:22:42,,
4.648,0.577,4.683,0.539,2023-06-23 19:22:42,,
4.642,0.573,4.685,0.561,2023-06-23 19:22:42,,
4.674,0.566,4.685,0.544,2023-06-23 19:22:42,,
4.659,0.570,4.705,0.564,2023-06-23 19:22:42,,
4.686,0.560,4.707,0.548,2023-06-23 19:22:42,,
4.669,0.570,4.724,0.557,2023-06-23 19:22:42,,
4.697,0.569,4.702,0.540,2023-06-23 19:22:42,,
4.665,0.583,4.712,0.558,2023-06-23 19:22:42,,
4.665,0.574,4.694,0.539,2023-06-23 19:22:42,,
4.628,0.581,4.714,0.574,2023-06-23 19:22:42,,
4.639,0.561,4.689,0.532,2023-06-23 19:22:42,,
4.629,0.583,4.701,0.560,2023-06-23 19:22:42,,
4.647,0.576,4.691,0.547,2023-06-23 19:22:42,,
4.620,0.570,4.723,0.577,2023-06-23 19:22:42,,
4.629,0.577,4.700,0.542,2023-06-23 19:22:43,,
4.606,0.579,4.694,0.564,2023-06-23 19:22:43,,
4.625,0.573,4.673,0.550,2023-06-23 19:22:43,,
4.600,0.581,4.678,0.576,2023-06-23 19:22:43,,
4.597,0.564,4.636,0.561,2023-06-23 19:22:43,,
4.589,0.580,4.624,0.579,2023-06-23 19:22:43,,
4.595,0.575,4.588,0.555,2023-06-23 19:22:43,,
4.605,0.561,4.568,0.557,2023-06-23 19:22:43,,
4.588,0.580,4.585,0.593,2023-06-23 19:22:43,,
4.591,0.574,4.578,0.574,2023-06-23 19:22:43,,
4.593,0.563,4.542,0.557,2023-06-23 19:22:43,,
4.578,0.570,4.535,0.569,2023-06-23 19:22:43,,
4.566,0.585,4.646,0.553,2023-06-23 19:22:45,,
4.562,0.591,4.645,0.544,2023-06-23 19:22:45,,
4.593,0.581,4.637,0.541,2023-06-23 19:22:45,,
4.569,0.574,4.669,0.555,2023-06-23 19:22:45,,
4.607,0.573,4.615,0.527,2023-06-23 19:22:45,,
4.599,0.565,4.657,0.544,2023-06-23 19:22:45,,
4.617,0.561,4.653,0.531,2023-06-23 19:22:45,,
4.625,0.569,4.678,0.556,2023-06-23 19:22:45,,
4.660,0.567,4.660,0.534,2023-06-23 19:22:45,,
4.639,0.574,4.681,0.554,2023-06-23 19:22:45,,
4.654,0.566,4.672,0.544,2023-06-23 19:22:45,,
4.647,0.562,4.694,0.557,2023-06-23 19:22:45,,
4.675,0.564,4.696,0.540,2023-06-23 19:22:46,,
4.668,0.565,4.696,0.554,2023-06-23 19:22:46,,
4.691,0.562,4.684,0.540,2023-06-23 19:22:46,,
4.686,0.573,4.711,0.570,2023-06-23 19:22:46,,
4.699,0.573,4.692,0.547,2023-06-23 19:22:46,,
4.681,0.566,4.714,0.562,2023-06-23 19:22:46,,
4.710,0.588,4.704,0.548,2023-06-23 19:22:46,,
4.701,0.593,4.722,0.564,2023-06-23 19:22:46,,
4.686,0.580,4.707,0.555,2023-06-23 19:22:46,,
4.680,0.590,4.736,0.565,2023-06-23 19:22:46,,
4.687,0.573,4.724,0.549,2023-06-23 19:22:46,,
4.683,0.594,4.738,0.562,2023-06-23 19:22:46,,
4.680,0.578,4.734,0.567,2023-06-23 19:22:46,,
4.666,0.579,4.743,0.572,2023-06-23 19:22:46,,
4.656,0.586,4.712,0.562,2023-06-23 19:22:46,,
4.652,0.590,4.720,0.575,2023-06-23 19:22:46,,
4.649,0.581,4.694,0.561,2023-06-23 19:22:47,,
4.621,0.576,4.696,0.572,2023-06-23 19:22:47,,
4.626,0.568,4.668,0.554,2023-06-23 19:22:47,,
4.605,0.565,4.665,0.568,2023-06-23 19:22:47,,
4.609,0.564,4.634,0.548,2023-06-23 19:22:47,,
4.591,0.563,4.621,0.584,2023-06-23 19:22:47,,
4.609,0.552,4.599,0.554,2023-06-23 19:22:47,,
4.592,0.562,4.599,0.553,2023-06-23 19:22:47,,
4.614,0.569,4.567,0.547,2023-06-23 19:22:47,,
4.586,0.563,4.559,0.555,2023-06-23 19:22:47,,
4.579,0.569,4.605,0.524,2023-06-23 19:22:49,,
4.546,0.575,4.614,0.538,2023-06-23 19:22:49,,
4.594,0.562,4.623,0.523,2023-06-23 19:22:49,,
4.567,0.568,4.641,0.542,2023-06-23 19:22:49,,
4.590,0.570,4.621,0.532,2023-06-23 19:22:49,,
4.578,0.570,4.633,0.546,2023-06-23 19:22:49,,
4.610,0.568,4.609,0.532,2023-06-23 19:22:49,,
4.590,0.575,4.631,0.544,2023-06-23 19:22:49,,
4.616,0.569,4.593,0.525,2023-06-23 19:22:49,,
4.607,0.571,4.629,0.548,2023-06-23 19:22:49,,
4.641,0.581,4.615,0.534,2023-06-23 19:22:49,,
4.610,0.573,4.626,0.550,2023-06-23 19:22:49,,
4.635,0.584,4.625,0.549,2023-06-23 19:22:49,,
4.620,0.585,4.652,0.560,2023-06-23 19:22:50,,
4.658,0.571,4.642,0.539,2023-06-23 19:22:50,,
4.637,0.573,4.652,0.559,2023-06-23 19:22:50,,
4.662,0.576,4.643,0.554,2023-06-23 19:22:50,,
4.637,0.578,4.656,0.560,2023-06-23 19:22:50,,
4.667,0.581,4.650,0.548,2023-06-23 19:22:50,,
4.651,0.593,4.665,0.566,2023-06-23 19:22:50,,
4.665,0.576,4.647,0.552,2023-06-23 19:22:50,,
4.636,0.576,4.660,0.569,2023-06-23 19:22:50,,
4.669,0.575,4.649,0.551,2023-06-23 19:22:50,,
4.669,0.584,4.661,0.565,2023-06-23 19:22:50,,
4.688,0.575,4.654,0.544,2023-06-23 19:22:50,,
4.673,0.581,4.663,0.566,2023-06-23 19:22:50,,
4.683,0.576,4.648,0.543,2023-06-23 19:22:50,,
4.660,0.575,4.658,0.557,2023-06-23 19:22:50,,
4.679,0.574,4.637,0.554,2023-06-23 19:22:50,,
4.652,0.587,4.638,0.560,2023-06-23 19:22:51,,
4.646,0.574,4.619,0.549,2023-06-23 19:22:51,,
4.634,0.582,4.643,0.571,2023-06-23 19:22:51,,
4.663,0.571,4.644,0.544,2023-06-23 19:22:51,,
4.629,0.574,4.663,0.565,2023-06-23 19:22:51,,
4.643,0.563,4.672,0.564,2023-06-23 19:22:51,,
4.635,0.577,4.695,0.566,2023-06-23 19:22:51,,
4.661,0.564,4.692,0.548,2023-06-23 19:22:51,,
4.641,0.570,4.691,0.558,2023-06-23 19:22:51,,
4.587,0.571,4.574,0.542,2023-06-23 19:22:53,,
4.557,0.588,4.570,0.546,2023-06-23 19:22:53,,
4.584,0.589,4.574,0.538,2023-06-23 19:22:53,,
4.566,0.577,4.589,0.562,2023-06-23 19:22:53,,
4.585,0.579,4.579,0.538,2023-06-23 19:22:53,,
4.574,0.586,4.554,0.542,2023-06-23 19:22:53,,
4.589,0.581,4.560,0.534,2023-06-23 19:22:53,,
4.582,0.566,4.605,0.554,2023-06-23 19:22:53,,
4.625,0.572,4.608,0.536,2023-06-23 19:22:53,,
4.598,0.576,4.621,0.553,2023-06-23 19:22:53,,
4.625,0.577,4.613,0.543,2023-06-23 19:22:53,,
4.595,0.575,4.630,0.559,2023-06-23 19:22:53,,
4.616,0.575,4.618,0.541,2023-06-23 19:22:53,,
4.602,0.573,4.634,0.548,2023-06-23 19:22:53,,
4.615,0.568,4.617,0.539,2023-06-23 19:22:54,,
4.602,0.567,4.625,0.560,2023-06-23 19:22:54,,
4.642,0.565,4.613,0.543,2023-06-23 19:22:54,,
4.613,0.573,4.632,0.557,2023-06-23 19:22:54,,
4.624,0.567,4.618,0.541,2023-06-23 19:22:54,,
4.633,0.573,4.649,0.560,2023-06-23 19:22:54,,
4.650,0.569,4.635,0.542,2023-06-23 19:22:54,,
4.622,0.580,4.648,0.558,2023-06-23 19:22:54,,
4.643,0.579,4.642,0.549,2023-06-23 19:22:54,,
4.614,0.573,4.647,0.561,2023-06-23 19:22:54,,
4.642,0.578,4.641,0.547,2023-06-23 19:22:54,,
4.623,0.597,4.656,0.579,2023-06-23 19:22:54,,
4.651,0.590,4.649,0.554,2023-06-23 19:22:54,,
4.616,0.585,4.647,0.572,2023-06-23 19:22:54,,
4.627,0.586,4.605,0.555,2023-06-23 19:22:54,,
4.617,0.587,4.619,0.570,2023-06-23 19:22:55,,
4.615,0.578,4.598,0.547,2023-06-23 19:22:55,,
4.611,0.589,4.609,0.569,2023-06-23 19:22:55,,
4.618,0.578,4.602,0.560,2023-06-23 19:22:55,,
4.606,0.581,4.609,0.572,2023-06-23 19:22:55,,
4.606,0.570,4.578,0.573,2023-06-23 19:22:55,,
4.580,0.572,4.563,0.561,2023-06-23 19:22:55,,
4.607,0.567,4.564,0.544,2023-06-23 19:22:55,,
4.588,0.571,4.560,0.569,2023-06-23 19:22:55,,
4.603,0.595,4.631,0.538,2023-06-23 19:22:57,,
4.563,0.587,4.624,0.539,2023-06-23 19:22:57,,
4.572,0.575,4.621,0.537,2023-06-23 19:22:57,,
4.562,0.575,4.634,0.546,2023-06-23 19:22:57,,
4.579,0.563,4.622,0.526,2023-06-23 19:22:57,,
4.581,0.578,4.599,0.530,2023-06-23 19:22:57,,
4.590,0.562,4.614,0.523,2023-06-23 19:22:57,,
4.563,0.570,4.624,0.546,2023-06-23 19:22:57,,
4.584,0.573,4.607,0.528,2023-06-23 19:22:57,,
4.563,0.571,4.627,0.555,2023-06-23 19:22:57,,
4.565,0.569,4.601,0.531,2023-06-23 19:22:57,,
4.554,0.563,4.623,0.551,2023-06-23 19:22:57,,
4.577,0.572,4.599,0.538,2023-06-23 19:22:57,,
4.578,0.569,4.622,0.555,2023-06-23 19:22:57,,
4.609,0.580,4.606,0.544,2023-06-23 19:22:57,,
4.599,0.582,4.624,0.559,2023-06-23 19:22:58,,
4.603,0.582,4.606,0.557,2023-06-23 19:22:58,,
4.600,0.593,4.624,0.571,2023-06-23 19:22:58,,
4.606,0.575,4.610,0.554,2023-06-23 19:22:58,,
4.600,0.585,4.615,0.561,2023-06-23 19:22:58,,
4.612,0.577,4.591,0.555,2023-06-23 19:22:58,,
4.596,0.581,4.606,0.565,2023-06-23 19:22:58,,
4.613,0.575,4.606,0.557,2023-06-23 19:22:58,,
4.602,0.576,4.611,0.570,2023-06-23 19:22:58,,
4.637,0.581,4.603,0.556,2023-06-23 19:22:58,,
4.617,0.583,4.629,0.574,2023-06-23 19:22:58,,
4.634,0.575,4.621,0.558,2023-06-23 19:22:58,,
4.620,0.569,4.630,0.571,2023-06-23 19:22:58,,
4.631,0.570,4.588,0.545,2023-06-23 19:22:58,,
4.624,0.577,4.615,0.567,2023-06-23 19:22:58,,
4.648,0.583,4.594,0.530,2023-06-23 19:22:58,,
4.610,0.568,4.602,0.563,2023-06-23 19:22:59,,
4.630,0.571,4.587,0.540,2023-06-23 19:22:59,,
4.607,0.564,4.621,0.561,2023-06-23 19:22:59,,
4.642,0.568,4.611,0.557,2023-06-23 19:22:59,,
4.615,0.571,4.630,0.565,2023-06-23 19:22:59,,
4.625,0.573,4.618,0.544,2023-06-23 19:22:59,,
4.620,0.575,4.644,0.564,2023-06-23 19:22:59,,
4.550,0.572,4.533,0.524,2023-06-23 19:23:01,,
4.515,0.572,4.538,0.552,2023-06-23 19:23:01,,
4.550,0.576,4.544,0.536,2023-06-23 19:23:01,,
4.546,0.584,4.566,0.553,2023-06-23 19:23:01,,
4.588,0.574,4.570,0.539,2023-06-23 19:23:01,,
4.579,0.583,4.593,0.547,2023-06-23 19:23:01,,
4.611,0.578,4.536,0.523,2023-06-23 19:23:01,,
4.585,0.577,4.580,0.545,2023-06-23 19:23:01,,
4.617,0.577,4.588,0.527,2023-06-23 19:23:01,,
4.605,0.574,4.626,0.558,2023-06-23 19:23:01,,
4.637,0.576,4.622,0.541,2023-06-23 19:23:01,,
4.622,0.577,4.653,0.562,2023-06-23 19:23:01,,
4.647,0.578,4.662,0.557,2023-06-23 19:23:01,,
4.637,0.570,4.665,0.560,2023-06-23 19:23:01,,
4.660,0.580,4.670,0.546,2023-06-23 19:23:01,,
4.664,0.582,4.681,0.558,2023-06-23 19:23:01,,
4.669,0.580,4.671,0.553,2023-06-23 19:23:02,,
4.659,0.573,4.693,0.566,2023-06-23 19:23:02,,
4.670,0.568,4.686,0.548,2023-06-23 19:23:02,,
4.652,0.571,4.709,0.561,2023-06-23 19:23:02,,
4.662,0.569,4.696,0.553,2023-06-23 19:23:02,,
4.641,0.573,4.686,0.552,2023-06-23 19:23:02,,
4.659,0.567,4.683,0.544,2023-06-23 19:23:02,,
4.627,0.576,4.691,0.562,2023-06-23 19:23:02,,
4.632,0.551,4.669,0.537,2023-06-23 19:23:02,,
4.627,0.582,4.683,0.569,2023-06-23 19:23:02,,
4.635,0.574,4.673,0.556,2023-06-23 19:23:02,,
4.604,0.569,4.669,0.572,2023-06-23 19:23:02,,
4.617,0.575,4.634,0.553,2023-06-23 19:23:02,,
4.589,0.566,4.615,0.571,2023-06-23 19:23:02,,
4.598,0.578,4.588,0.552,2023-06-23 19:23:02,,
4.582,0.581,4.597,0.562,2023-06-23 19:23:03,,
4.591,0.576,4.580,0.555,2023-06-23 19:23:03,,
4.571,0.575,4.594,0.571,2023-06-23 19:23:03,,
4.573,0.575,4.564,0.551,2023-06-23 19:23:03,,
4.549,0.562,4.545,0.571,2023-06-23 19:23:03,,
4.584,0.572,4.526,0.552,2023-06-23 19:23:03,,
4.560,0.581,4.531,0.547,2023-06-23 19:23:03,,
4.657,0.586,4.644,0.536,2023-06-23 19:23:04,,
4.631,0.587,4.655,0.557,2023-06-23 19:23:05,,
4.643,0.585,4.640,0.538,2023-06-23 19:23:05,,
4.631,0.581,4.663,0.540,2023-06-23 19:23:05,,
4.667,0.579,4.673,0.530,2023-06-23 19:23:05,,
4.640,0.587,4.686,0.539,2023-06-23 19:23:05,,
4.667,0.579,4.630,0.523,2023-06-23 19:23:05,,
4.616,0.570,4.658,0.537,2023-06-23 19:23:05,,
4.617,0.573,4.641,0.514,2023-06-23 19:23:05,,
4.594,0.574,4.670,0.541,2023-06-23 19:23:05,,
4.614,0.558,4.673,0.531,2023-06-23 19:23:05,,
4.583,0.560,4.676,0.541,2023-06-23 19:23:05,,
4.635,0.574,4.677,0.525,2023-06-23 19:23:05,,
4.607,0.566,4.684,0.537,2023-06-23 19:23:05,,
4.639,0.565,4.673,0.531,2023-06-23 19:23:05,,
4.648,0.585,4.683,0.538,2023-06-23 19:23:05,,
4.655,0.568,4.686,0.537,2023-06-23 19:23:05,,
4.640,0.569,4.692,0.557,2023-06-23 19:23:06,,
4.663,0.582,4.681,0.537,2023-06-23 19:23:06,,
4.646,0.585,4.688,0.552,2023-06-23 19:23:06,,
4.663,0.575,4.669,0.538,2023-06-23 19:23:06,,
4.646,0.584,4.679,0.555,2023-06-23 19:23:06,,
4.668,0.582,4.674,0.548,2023-06-23 19:23:06,,
4.646,0.592,4.701,0.560,2023-06-23 19:23:06,,
4.646,0.562,4.689,0.547,2023-06-23 19:23:06,,
4.630,0.585,4.708,0.561,2023-06-23 19:23:06,,
4.645,0.586,4.700,0.568,2023-06-23 19:23:06,,
4.634,0.585,4.688,0.564,2023-06-23 19:23:06,,
4.644,0.588,4.655,0.546,2023-06-23 19:23:06,,
4.633,0.582,4.657,0.566,2023-06-23 19:23:06,,
4.652,0.579,4.638,0.544,2023-06-23 19:23:06,,
4.620,0.579,4.651,0.573,2023-06-23 19:23:06,,
4.646,0.572,4.649,0.551,2023-06-23 19:23:07,,
4.614,0.568,4.655,0.570,2023-06-23 19:23:07,,
4.632,0.570,4.631,0.539,2023-06-23 19:23:07,,
4.610,0.570,4.621,0.560,2023-06-23 19:23:07,,
4.639,0.567,4.596,0.529,2023-06-23 19:23:07,,
4.614,0.558,4.613,0.561,2023-06-23 19:23:07,,
4.563,0.565,4.572,0.529,2023-06-23 19:23:08,,
4.534,0.578,4.566,0.546,2023-06-23 19:23:08,,
4.541,0.560,4.539,0.524,2023-06-23 19:23:08,,
4.538,0.567,4.569,0.547,2023-06-23 19:23:09,,
4.568,0.566,4.566,0.529,2023-06-23 19:23:09,,
4.556,0.575,4.576,0.535,2023-06-23 19:23:09,,
4.588,0.563,4.533,0.518,2023-06-23 19:23:09,,
4.565,0.562,4.568,0.540,2023-06-23 19:23:09,,
4.597,0.565,4.562,0.520,2023-06-23 19:23:09,,
4.592,0.574,4.609,0.554,2023-06-23 19:23:09,,
4.615,0.570,4.598,0.531,2023-06-23 19:23:09,,
4.595,0.585,4.608,0.552,2023-06-23 19:23:09,,
4.617,0.580,4.618,0.541,2023-06-23 19:23:09,,
4.595,0.572,4.621,0.554,2023-06-23 19:23:09,,
4.630,0.574,4.634,0.557,2023-06-23 19:23:09,,
4.618,0.582,4.633,0.561,2023-06-23 19:23:09,,
4.635,0.579,4.627,0.548,2023-06-23 19:23:09,,
4.613,0.573,4.643,0.571,2023-06-23 19:23:09,,
4.624,0.574,4.638,0.560,2023-06-23 19:23:09,,
4.622,0.567,4.637,0.549,2023-06-23 19:23:10,,
4.617,0.582,4.650,0.572,2023-06-23 19:23:10,,
4.606,0.581,4.643,0.577,2023-06-23 19:23:10,,
4.622,0.577,4.633,0.554,2023-06-23 19:23:10,,
4.605,0.586,4.649,0.578,2023-06-23 19:23:10,,
4.613,0.560,4.636,0.550,2023-06-23 19:23:10,,
4.610,0.578,4.638,0.566,2023-06-23 19:23:10,,
4.618,0.580,4.639,0.568,2023-06-23 19:23:10,,
4.597,0.582,4.632,0.564,2023-06-23 19:23:10,,
4.599,0.574,4.605,0.553,2023-06-23 19:23:10,,
4.591,0.570,4.609,0.568,2023-06-23 19:23:10,,
4.599,0.574,4.583,0.557,2023-06-23 19:23:10,,
4.589,0.576,4.580,0.553,2023-06-23 19:23:10,,
4.592,0.565,4.565,0.555,2023-06-23 19:23:10,,
4.573,0.560,4.576,0.566,2023-06-23 19:23:10,,
4.592,0.566,4.568,0.548,2023-06-23 19:23:11,,
4.588,0.571,4.560,0.573,2023-06-23 19:23:11,,
4.629,0.570,4.554,0.547,2023-06-23 19:23:11,,
4.607,0.576,4.563,0.558,2023-06-23 19:23:11,,
4.592,0.580,4.609,0.542,2023-06-23 19:23:12,,
4.551,0.572,4.593,0.544,2023-06-23 19:23:12,,
4.576,0.575,4.596,0.536,2023-06-23 19:23:12,,
4.554,0.591,4.610,0.559,2023-06-23 19:23:12,,
4.563,0.567,4.610,0.546,2023-06-23 19:23:13,,
4.547,0.574,4.615,0.558,2023-06-23 19:23:13,,
4.574,0.572,4.605,0.537,2023-06-23 19:23:13,,
4.565,0.584,4.559,0.548,2023-06-23 19:23:13,,
4.583,0.577,4.577,0.533,2023-06-23 19:23:13,,
4.549,0.576,4.584,0.533,2023-06-23 19:23:13,,
4.592,0.570,4.603,0.530,2023-06-23 19:23:13,,
4.592,0.582,4.623,0.557,2023-06-23 19:23:13,,
4.615,0.574,4.615,0.534,2023-06-23 19:23:13,,
4.598,0.572,4.636,0.558,2023-06-23 19:23:13,,
4.630,0.575,4.613,0.541,2023-06-23 19:23:13,,
4.627,0.575,4.644,0.560,2023-06-23 19:23:13,,
4.643,0.567,4.634,0.539,2023-06-23 19:23:13,,
4.633,0.576,4.640,0.557,2023-06-23 19:23:13,,
